t/c,cl_max,cd_for_max,cl/cd_max,aoa_for_max,cl_des,cd_for_des,cl/cd_des,aoa_for_des
24.1,1.8137153846153846,0.03474358974358974,52.202878228782296,15.897435897435896,1.4205076923076922,0.01363076923076923,104.21331828442439,9.23076923076923
30.1,1.7293794871794872,0.034535897435897425,50.074838518078565,14.358974358974358,1.3075641025641025,0.015487179487179486,84.42880794701986,8.205128205128204
36.0,1.853976923076923,0.03561794871794871,52.051760132459876,11.794871794871794,1.272530769230769,0.020558974358974358,61.89660763282613,5.128205128205128
48.0,1.0352846153846154,0.04701538461538462,22.020124345549736,6.153846153846154,0.6371307692307693,0.032223076923076924,19.772499403198854,2.4615384615384617
